{
    "class_names": [
        "Broken",
        "Cut",
        "Dry Cherry",
        "Fade",
        "Floater",
        "Full Black",
        "Full Sour",
        "Fungus Damange",
        "Husk",
        "Immature",
        "Parchment",
        "Partial Black",
        "Partial Sour",
        "Severe Insect Damange",
        "Shell",
        "Slight Insect Damage",
        "Withered"
    ],
    "training_history": {
        "train_accuracy": 0.9987228607918263,
        "test_accuracy": 0.47959183673469385,
        "test_precision": 0.42176517008788633,
        "test_recall": 0.47959183673469385,
        "test_f1": 0.427267035972137,
        "confusion_matrix": [
            [
                6,
                1,
                0,
                0,
                0,
                2,
                0,
                0,
                1,
                1,
                0,
                0,
                0,
                0,
                1,
                0,
                0
            ],
            [
                0,
                9,
                0,
                0,
                0,
                0,
                0,
                0,
                2,
                0,
                2,
                0,
                0,
                0,
                0,
                0,
                0
            ],
            [
                0,
                2,
                5,
                0,
                0,
                2,
                1,
                0,
                0,
                0,
                0,
                1,
                0,
                0,
                0,
                0,
                0
            ],
            [
                0,
                1,
                0,
                0,
                0,
                0,
                0,
                0,
                0,
                1,
                1,
                0,
                0,
                0,
                2,
                2,
                0
            ],
            [
                3,
                2,
                0,
                0,
                1,
                2,
                0,
                0,
                0,
                1,
                0,
                0,
                0,
                0,
                0,
                1,
                0
            ],
            [
                0,
                0,
                0,
                0,
                0,
                8,
                0,
                0,
                0,
                0,
                0,
                0,
                0,
                0,
                0,
                0,
                0
            ],
            [
                0,
                1,
                0,
                0,
                1,
                0,
                11,
                0,
                1,
                0,
                0,
                0,
                0,
                0,
                0,
                0,
                1
            ],
            [
                0,
                0,
                1,
                0,
                0,
                0,
                1,
                13,
                0,
                0,
                0,
                0,
                0,
                0,
                0,
                0,
                0
            ],
            [
                2,
                2,
                0,
                0,
                1,
                1,
                0,
                0,
                4,
                1,
                0,
                0,
                0,
                0,
                0,
                0,
                0
            ],
            [
                0,
                2,
                0,
                0,
                0,
                0,
                0,
                0,
                0,
                12,
                0,
                0,
                0,
                0,
                0,
                0,
                2
            ],
            [
                1,
                0,
                0,
                0,
                0,
                0,
                0,
                0,
                1,
                0,
                8,
                0,
                0,
                0,
                1,
                0,
                0
            ],
            [
                0,
                2,
                0,
                0,
                0,
                0,
                1,
                1,
                0,
                1,
                0,
                6,
                0,
                0,
                0,
                0,
                2
            ],
            [
                0,
                3,
                0,
                0,
                0,
                0,
                3,
                0,
                0,
                3,
                0,
                0,
                0,
                0,
                0,
                0,
                1
            ],
            [
                0,
                1,
                0,
                0,
                0,
                0,
                0,
                1,
                0,
                1,
                0,
                1,
                0,
                0,
                3,
                4,
                0
            ],
            [
                0,
                0,
                0,
                0,
                0,
                0,
                0,
                0,
                0,
                0,
                0,
                0,
                0,
                0,
                10,
                0,
                1
            ],
            [
                0,
                2,
                0,
                0,
                1,
                0,
                0,
                0,
                1,
                0,
                2,
                0,
                0,
                0,
                4,
                0,
                1
            ],
            [
                0,
                3,
                0,
                0,
                0,
                0,
                0,
                0,
                0,
                6,
                0,
                0,
                0,
                0,
                1,
                0,
                1
            ]
        ],
        "classification_report": {
            "Broken": {
                "precision": 0.5,
                "recall": 0.5,
                "f1-score": 0.5,
                "support": 12.0
            },
            "Cut": {
                "precision": 0.2903225806451613,
                "recall": 0.6923076923076923,
                "f1-score": 0.4090909090909091,
                "support": 13.0
            },
            "Dry Cherry": {
                "precision": 0.8333333333333334,
                "recall": 0.45454545454545453,
                "f1-score": 0.5882352941176471,
                "support": 11.0
            },
            "Fade": {
                "precision": 0.0,
                "recall": 0.0,
                "f1-score": 0.0,
                "support": 7.0
            },
            "Floater": {
                "precision": 0.25,
                "recall": 0.1,
                "f1-score": 0.14285714285714285,
                "support": 10.0
            },
            "Full Black": {
                "precision": 0.5333333333333333,
                "recall": 1.0,
                "f1-score": 0.6956521739130435,
                "support": 8.0
            },
            "Full Sour": {
                "precision": 0.6470588235294118,
                "recall": 0.7333333333333333,
                "f1-score": 0.6875,